schedule_date,schedule_season,schedule_week,schedule_playoff,team_home,score_home,score_away,team_away,team_favorite_id,spread_favorite,over_under_line,stadium,stadium_neutral,weather_temperature,weather_wind_mph,weather_humidity,weather_detail,,,,,,,,
9/5/2024,2024,1,FALSE,Kansas City Chiefs,27,20,Baltimore Ravens,KC,-3,47,GEHA Field at Arrowhead Stadium,FALSE,,,,,,,,,,,,
9/6/2024,2024,1,FALSE,Philadelphia Eagles,34,29,Green Bay Packers,PHI,-2,49.5,Corinthians Arena,TRUE,,,,,,,,,,,,
9/8/2024,2024,1,FALSE,Atlanta Falcons,10,18,Pittsburgh Steelers,ATL,-3.5,42,Mercedes-Benz Stadium,FALSE,72,0,,indoor,,,,,,,,
9/8/2024,2024,1,FALSE,Buffalo Bills,34,28,Arizona Cardinals,BUF,-6.5,46.5,Highmark Stadium,FALSE,,,,,,,,,,,,
9/8/2024,2024,1,FALSE,Chicago Bears,24,17,Tennessee Titans,CHI,-4,44.5,Soldier Field,FALSE,,,,,,,,,,,,
9/8/2024,2024,1,FALSE,Cincinnati Bengals,10,16,New England Patriots,CIN,-8,41,Paycor Stadium,FALSE,,,,,,,,,,,,
9/8/2024,2024,1,FALSE,Cleveland Browns,17,33,Dallas Cowboys,CLE,-2.5,41,FirstEnergy Stadium,FALSE,,,,,,,,,,,,
9/8/2024,2024,1,FALSE,Detroit Lions,26,20,Los Angeles Rams,DET,-4.5,52.5,Ford Field,FALSE,72,0,,indoor,,,,,,,,
9/8/2024,2024,1,FALSE,Indianapolis Colts,27,29,Houston Texans,HOU,-3,48.5,Lucas Oil Stadium,FALSE,72,0,,indoor,,,,,,,,
9/8/2024,2024,1,FALSE,Los Angeles Chargers,22,10,Las Vegas Raiders,LAC,-3,40,SoFi Stadium,FALSE,72,0,,indoor,,,,,,,,
9/8/2024,2024,1,FALSE,Miami Dolphins,20,17,Jacksonville Jaguars,MIA,-3.5,49,Hard Rock Stadium,FALSE,,,,,,,,,,,,
9/8/2024,2024,1,FALSE,New Orleans Saints,47,10,Carolina Panthers,NO,-4,41.5,Caesars Superdome,FALSE,72,0,,indoor,,,,,,,,
9/8/2024,2024,1,FALSE,New York Giants,6,28,Minnesota Vikings,MIN,-1.5,41,MetLife Stadium,FALSE,,,,,,,,,,,,
9/8/2024,2024,1,FALSE,Seattle Seahawks,26,20,Denver Broncos,SEA,-6,42,Lumen Field,FALSE,,,,,,,,,,,,
9/8/2024,2024,1,FALSE,Tampa Bay Buccaneers,37,20,Washington Commanders,TB,-3.5,42.5,Raymond James Stadium,FALSE,,,,,,,,,,,,
9/9/2024,2024,1,FALSE,San Francisco 49ers,32,19,New York Jets,SF,-3.5,43.5,Levi's Stadium,FALSE,,,,,,,,,,,,
9/12/2024,2024,2,FALSE,Miami Dolphins,10,31,Buffalo Bills,MIA,-2.5,48.5,Hard Rock Stadium,FALSE,,,,,,,,,,,,
9/15/2024,2024,2,FALSE,Arizona Cardinals,41,10,Los Angeles Rams,ARI,-1,47.5,State Farm Stadium,FALSE,72,0,,indoor,,,,,,,,
9/15/2024,2024,2,FALSE,Baltimore Ravens,23,26,Las Vegas Raiders,BAL,-8.5,41.5,M&T Bank Stadium,FALSE,,,,,,,,,,,,
9/15/2024,2024,2,FALSE,Carolina Panthers,3,26,Los Angeles Chargers,LAC,-4.5,38.5,Bank of America Stadium,FALSE,,,,,,,,,,,,
9/15/2024,2024,2,FALSE,Dallas Cowboys,19,44,New Orleans Saints,DAL,-6.5,47,AT&T Stadium,FALSE,72,0,,indoor,,,,,,,,
9/15/2024,2024,2,FALSE,Denver Broncos,6,13,Pittsburgh Steelers,PIT,-2.5,36.5,Empower Field at Mile High,FALSE,,,,,,,,,,,,
9/15/2024,2024,2,FALSE,Detroit Lions,16,20,Tampa Bay Buccaneers,DET,-7.5,51.5,Ford Field,FALSE,72,0,,indoor,,,,,,,,
9/15/2024,2024,2,FALSE,Green Bay Packers,16,10,Indianapolis Colts,IND,-2.5,41.5,Lambeau Field,FALSE,,,,,,,,,,,,
9/15/2024,2024,2,FALSE,Houston Texans,19,13,Chicago Bears,HOU,-6,45.5,NRG Stadium,FALSE,72,0,,indoor,,,,,,,,
9/15/2024,2024,2,FALSE,Jacksonville Jaguars,13,18,Cleveland Browns,JAX,-3,41.5,TIAA Bank Field,FALSE,,,,,,,,,,,,
9/15/2024,2024,2,FALSE,Kansas City Chiefs,26,25,Cincinnati Bengals,KC,-6.5,47.5,GEHA Field at Arrowhead Stadium,FALSE,,,,,,,,,,,,
9/15/2024,2024,2,FALSE,Minnesota Vikings,23,17,San Francisco 49ers,SF,-4.5,46.5,U.S. Bank Stadium,FALSE,72,0,,indoor,,,,,,,,
9/15/2024,2024,2,FALSE,New England Patriots,20,23,Seattle Seahawks,SEA,-3,38.5,Gillette Stadium,FALSE,,,,,,,,,,,,
9/15/2024,2024,2,FALSE,Tennessee Titans,17,24,New York Jets,NYJ,-4,41.5,Nissan Stadium,FALSE,,,,,,,,,,,,
9/15/2024,2024,2,FALSE,Washington Commanders,21,18,New York Giants,WAS,-1.5,42.5,FedEx Field,FALSE,,,,,,,,,,,,
9/16/2024,2024,2,FALSE,Philadelphia Eagles,21,22,Atlanta Falcons,PHI,-5.5,46.5,Lincoln Financial Field,FALSE,,,,,,,,,,,,
9/19/2024,2024,3,FALSE,New York Jets,24,3,New England Patriots,NJY,-6,39,MetLife Stadium,FALSE,,,,,,,,,,,,
9/22/2024,2024,3,FALSE,Arizona Cardinals,13,20,Detroit Lions,DET,-3,51.5,State Farm Stadium,FALSE,72,0,,indoor,,,,,,,,
9/22/2024,2024,3,FALSE,Atlanta Falcons,17,22,Kansas City Chiefs,KC,-3.5,46.5,Mercedes-Benz Stadium,FALSE,72,0,,indoor,,,,,,,,
9/22/2024,2024,3,FALSE,Cleveland Browns,15,21,New York Giants,CLE,-6.5,38,FirstEnergy Stadium,FALSE,,,,,,,,,,,,
9/22/2024,2024,3,FALSE,Dallas Cowboys,25,28,Baltimore Ravens,BAL,-1.5,47.5,AT&T Stadium,FALSE,72,0,,indoor,,,,,,,,
9/22/2024,2024,3,FALSE,Indianapolis Colts,21,16,Chicago Bears,IND,-1.5,43.5,Lucas Oil Stadium,FALSE,72,0,,indoor,,,,,,,,
9/22/2024,2024,3,FALSE,Las Vegas Raiders,22,36,Carolina Panthers,LVR,-5.5,40,Allegiant Stadium,FALSE,72,0,,indoor,,,,,,,,
9/22/2024,2024,3,FALSE,Los Angeles Rams,27,24,San Francisco 49ers,SF,-6,44.5,SoFi Stadium,FALSE,72,0,,indoor,,,,,,,,
9/22/2024,2024,3,FALSE,Minnesota Vikings,34,7,Houston Texans,HOU,-2,46.5,U.S. Bank Stadium,FALSE,72,0,,indoor,,,,,,,,
9/22/2024,2024,3,FALSE,New Orleans Saints,12,15,Philadelphia Eagles,NO,-2.5,49.5,Caesars Superdome,FALSE,72,0,,indoor,,,,,,,,
9/22/2024,2024,3,FALSE,Pittsburgh Steelers,20,10,Los Angeles Chargers,PIT,-2.5,35.5,Acrisure Stadium,FALSE,,,,,,,,,,,,
9/22/2024,2024,3,FALSE,Seattle Seahawks,24,3,Miami Dolphins,SEA,-4,41.5,Lumen Field,FALSE,,,,,,,,,,,,
9/22/2024,2024,3,FALSE,Tampa Bay Buccaneers,7,26,Denver Broncos,TB,-6,40.5,Raymond James Stadium,FALSE,,,,,,,,,,,,
9/22/2024,2024,3,FALSE,Tennessee Titans,14,30,Green Bay Packers,TEN,-3,37,Nissan Stadium,FALSE,,,,,,,,,,,,
9/23/2024,2024,3,FALSE,Buffalo Bills,47,10,Jacksonville Jaguars,BUF,-4,46.5,Highmark Stadium,FALSE,,,,,,,,,,,,
9/23/2024,2024,3,FALSE,Cincinnati Bengals,33,38,Washington Commanders,CIN,-7.5,46,Paycor Stadium,FALSE,,,,,,,,,,,,
9/26/2024,2024,4,FALSE,New York Giants,15,20,Dallas Cowboys,DAL,-5,44.5,MetLife Stadium,FALSE,,,,,,,,,,,,
9/29/2024,2024,4,FALSE,Arizona Cardinals,14,42,Washington Commanders,ARI,-3.5,48.5,State Farm Stadium,FALSE,72,0,,indoor,,,,,,,,
9/29/2024,2024,4,FALSE,Atlanta Falcons,26,24,New Orleans Saints,ATL,-2.5,42.5,Mercedes-Benz Stadium,FALSE,72,0,,indoor,,,,,,,,
9/29/2024,2024,4,FALSE,Baltimore Ravens,35,10,Buffalo Bills,BAL,-2.5,47.5,M&T Bank Stadium,FALSE,,,,,,,,,,,,
9/29/2024,2024,4,FALSE,Carolina Panthers,24,34,Cincinnati Bengals,CIN,-4.5,47,Bank of America Stadium,FALSE,,,,,,,,,,,,
9/29/2024,2024,4,FALSE,Chicago Bears,24,18,Los Angeles Rams,CHI,-3,40.5,Soldier Field,FALSE,,,,,,,,,,,,
9/29/2024,2024,4,FALSE,Green Bay Packers,29,31,Minnesota Vikings,GB,-2.5,44.5,Lambeau Field,FALSE,,,,,,,,,,,,
9/29/2024,2024,4,FALSE,Houston Texans,24,20,Jacksonville Jaguars,HOU,-5.5,44.5,NRG Stadium,FALSE,72,0,,indoor,,,,,,,,
9/29/2024,2024,4,FALSE,Indianapolis Colts,27,24,Pittsburgh Steelers,PIT,-2.5,40.5,Lucas Oil Stadium,FALSE,72,0,,indoor,,,,,,,,
9/29/2024,2024,4,FALSE,Las Vegas Raiders,20,16,Cleveland Browns,CLE,-2.5,37,Allegiant Stadium,FALSE,72,0,,indoor,,,,,,,,
9/29/2024,2024,4,FALSE,Los Angeles Chargers,10,17,Kansas City Chiefs,KC,-7,41.5,SoFi Stadium,FALSE,72,0,,indoor,,,,,,,,
9/29/2024,2024,4,FALSE,New York Jets,9,10,Denver Broncos,NYJ,-8,39.5,MetLife Stadium,FALSE,,,,,,,,,,,,
9/29/2024,2024,4,FALSE,San Francisco 49ers,30,13,New England Patriots,SF,-10.5,41.5,Levi's Stadium,FALSE,,,,,,,,,,,,
9/29/2024,2024,4,FALSE,Tampa Bay Buccaneers,33,16,Philadelphia Eagles,PHI,-1,42.5,Raymond James Stadium,FALSE,,,,,,,,,,,,
9/30/2024,2024,4,FALSE,Detroit Lions,42,29,Seattle Seahawks,DET,-4,47,Ford Field,FALSE,72,0,,indoor,,,,,,,,
9/30/2024,2024,4,FALSE,Miami Dolphins,12,31,Tennessee Titans,MIA,-2.5,38,Hard Rock Stadium,FALSE,,,,,,,,,,,,
10/3/2024,2024,5,FALSE,Atlanta Falcons,36,30,Tampa Bay Buccaneers,ATL,-2.5,44,Mercedes-Benz Stadium,FALSE,72,0,,indoor,,,,,,,,
10/6/2024,2024,5,FALSE,Chicago Bears,36,10,Carolina Panthers,CHI,-4,40.5,Soldier Field,FALSE,,,,,,,,,,,,
10/6/2024,2024,5,FALSE,Cincinnati Bengals,38,41,Baltimore Ravens,BAL,-2.5,48,Paycor Stadium,FALSE,,,,,,,,,,,,
10/6/2024,2024,5,FALSE,Denver Broncos,34,18,Las Vegas Raiders,DEN,-3,36,Empower Field at Mile High,FALSE,,,,,,,,,,,,
10/6/2024,2024,5,FALSE,Houston Texans,23,20,Buffalo Bills,HOU,-1,47.5,NRG Stadium,FALSE,72,0,,indoor,,,,,,,,
10/6/2024,2024,5,FALSE,Jacksonville Jaguars,37,34,Indianapolis Colts,JAX,-3.5,45,TIAA Bank Field,FALSE,,,,,,,,,,,,
10/6/2024,2024,5,FALSE,Los Angeles Rams,19,24,Green Bay Packers,GB,-3,49.5,SoFi Stadium,FALSE,72,0,,indoor,,,,,,,,
10/6/2024,2024,5,FALSE,Minnesota Vikings,23,17,New York Jets,MIN,-2.5,42,Tottenham Hotspur Stadium,TRUE,,,,,,,,,,,,
10/6/2024,2024,5,FALSE,New England Patriots,10,15,Miami Dolphins,MIA,-2,37,Gillette Stadium,FALSE,,,,,,,,,,,,
10/6/2024,2024,5,FALSE,Pittsburgh Steelers,17,20,Dallas Cowboys,PIT,-2.5,44,Acrisure Stadium,FALSE,,,,,,,,,,,,
10/6/2024,2024,5,FALSE,San Francisco 49ers,23,24,Arizona Cardinals,SF,-7,49,Levi's Stadium,FALSE,,,,,,,,,,,,
10/6/2024,2024,5,FALSE,Seattle Seahawks,20,29,New York Giants,SEA,-7,42.5,Lumen Field,FALSE,,,,,,,,,,,,
10/6/2024,2024,5,FALSE,Washington Commanders,34,13,Cleveland Browns,WAS,-3,44,FedEx Field,FALSE,,,,,,,,,,,,
10/7/2024,2024,5,FALSE,Kansas City Chiefs,26,13,New Orleans Saints,KC,-5.5,43,GEHA Field at Arrowhead Stadium,FALSE,,,,,,,,,,,,
10/10/2024,2024,6,FALSE,Seattle Seahawks,24,36,San Francisco 49ers,SF,-3.5,48.5,Lumen Field,FALSE,,,,,,,,,,,,
10/13/2024,2024,6,FALSE,Baltimore Ravens,30,23,Washington Commanders,BAL,-7,51,M&T Bank Stadium,FALSE,,,,,,,,,,,,
10/13/2024,2024,6,FALSE,Carolina Panthers,20,38,Atlanta Falcons,ATL,-6,46,Bank of America Stadium,FALSE,,,,,,,,,,,,
10/13/2024,2024,6,FALSE,Chicago Bears,35,16,Jacksonville Jaguars,JAX,-1.5,44.5,Tottenham Hotspur Stadium,TRUE,,,,,,,,,,,,
10/13/2024,2024,6,FALSE,Dallas Cowboys,9,47,Detroit Lions,DET,-3.5,53.5,AT&T Stadium,FALSE,72,0,,indoor,,,,,,,,
10/13/2024,2024,6,FALSE,Denver Broncos,16,23,Los Angeles Chargers,LAC,-3,36.5,Empower Field at Mile High,FALSE,,,,,,,,,,,,
10/13/2024,2024,6,FALSE,Green Bay Packers,34,13,Arizona Cardinals,GB,-5.5,47,Lambeau Field,FALSE,,,,,,,,,,,,
10/13/2024,2024,6,FALSE,Las Vegas Raiders,13,32,Pittsburgh Steelers,PIT,-3,36.5,Allegiant Stadium,FALSE,72,0,,indoor,,,,,,,,
10/13/2024,2024,6,FALSE,New England Patriots,21,41,Houston Texans,HOU,-6.5,38,Gillette Stadium,FALSE,,,,,,,,,,,,
10/13/2024,2024,6,FALSE,New Orleans Saints,27,51,Tampa Bay Buccaneers,TB,-3.5,42.5,Caesars Superdome,FALSE,72,0,,indoor,,,,,,,,
10/13/2024,2024,6,FALSE,New York Giants,7,17,Cincinnati Bengals,CIN,-4,46.5,MetLife Stadium,FALSE,,,,,,,,,,,,
10/13/2024,2024,6,FALSE,Philadelphia Eagles,20,16,Cleveland Browns,PHI,-8.5,42,Lincoln Financial Field,FALSE,,,,,,,,,,,,
10/13/2024,2024,6,FALSE,Tennessee Titans,17,20,Indianapolis Colts,TEN,-2.5,42.5,Nissan Stadium,FALSE,,,,,,,,,,,,
10/14/2024,2024,6,FALSE,New York Jets,20,23,Buffalo Bills,BUF,-1,41,MetLife Stadium,FALSE,,,,,,,,,,,,
10/17/2024,2024,7,FALSE,New Orleans Saints,10,33,Denver Broncos,DEN,-3,37,Caesars Superdome,FALSE,72,0,,indoor,,,,,,,,
10/20/2024,2024,7,FALSE,Atlanta Falcons,14,34,Seattle Seahawks,ATL,-3,51.5,Mercedes-Benz Stadium,FALSE,72,0,,indoor,,,,,,,,
10/20/2024,2024,7,FALSE,Buffalo Bills,34,10,Tennessee Titans,BUF,-9.5,41,Highmark Stadium,FALSE,,,,,,,,,,,,
10/20/2024,2024,7,FALSE,Cleveland Browns,14,21,Cincinnati Bengals,CIN,-5.5,41.5,FirstEnergy Stadium,FALSE,,,,,,,,,,,,
10/20/2024,2024,7,FALSE,Green Bay Packers,24,22,Houston Texans,GB,-3,48,Lambeau Field,FALSE,,,,,,,,,,,,
10/20/2024,2024,7,FALSE,Indianapolis Colts,16,10,Miami Dolphins,IND,-3,44,Lucas Oil Stadium,FALSE,72,0,,indoor,,,,,,,,
10/20/2024,2024,7,FALSE,Jacksonville Jaguars,32,16,New England Patriots,JAX,-7,42.5,Wembley Stadium,TRUE,,,,,,,,,,,,
10/20/2024,2024,7,FALSE,Los Angeles Rams,20,15,Las Vegas Raiders,LAR,-7,43.5,SoFi Stadium,FALSE,72,0,,indoor,,,,,,,,
10/20/2024,2024,7,FALSE,Minnesota Vikings,29,31,Detroit Lions,MIN,-1,50.5,U.S. Bank Stadium,FALSE,72,0,,indoor,,,,,,,,
10/20/2024,2024,7,FALSE,New York Giants,3,28,Philadelphia Eagles,PHI,-3,42,MetLife Stadium,FALSE,,,,,,,,,,,,
10/20/2024,2024,7,FALSE,Pittsburgh Steelers,37,15,New York Jets,NYJ,-2.5,40.5,Acrisure Stadium,FALSE,,,,,,,,,,,,
10/20/2024,2024,7,FALSE,San Francisco 49ers,18,28,Kansas City Chiefs,SF,-2.5,48,Levi's Stadium,FALSE,,,,,,,,,,,,
10/20/2024,2024,7,FALSE,Washington Commanders,40,7,Carolina Panthers,WAS,-10,51,FedEx Field,FALSE,,,,,,,,,,,,
10/21/2024,2024,7,FALSE,Arizona Cardinals,17,15,Los Angeles Chargers,LAC,-1,44.5,State Farm Stadium,FALSE,72,0,,indoor,,,,,,,,
10/21/2024,2024,7,FALSE,Tampa Bay Buccaneers,31,41,Baltimore Ravens,BAL,-4,51,Raymond James Stadium,FALSE,,,,,,,,,,,,
10/24/2024,2024,8,FALSE,Los Angeles Rams,30,20,Minnesota Vikings,MIN,-3,47,SoFi Stadium,FALSE,72,0,,indoor,,,,,,,,
10/27/2024,2024,8,FALSE,Cincinnati Bengals,17,37,Philadelphia Eagles,CIN,-2.5,47.5,Paycor Stadium,FALSE,,,,,,,,,,,,
10/27/2024,2024,8,FALSE,Cleveland Browns,29,24,Baltimore Ravens,BAL,-7.5,44.5,FirstEnergy Stadium,FALSE,,,,,,,,,,,,
10/27/2024,2024,8,FALSE,Denver Broncos,28,14,Carolina Panthers,DEN,-13,40.5,Empower Field at Mile High,FALSE,,,,,,,,,,,,
10/27/2024,2024,8,FALSE,Detroit Lions,52,14,Tennessee Titans,DET,-12,45,Ford Field,FALSE,72,0,,indoor,,,,,,,,
10/27/2024,2024,8,FALSE,Houston Texans,23,20,Indianapolis Colts,HOU,-4.5,45,NRG Stadium,FALSE,72,0,,indoor,,,,,,,,
10/27/2024,2024,8,FALSE,Jacksonville Jaguars,27,30,Green Bay Packers,GB,-3.5,49,TIAA Bank Field,FALSE,,,,,,,,,,,,
10/27/2024,2024,8,FALSE,Las Vegas Raiders,20,27,Kansas City Chiefs,KC,-8.5,43,Allegiant Stadium,FALSE,72,0,,indoor,,,,,,,,
10/27/2024,2024,8,FALSE,Los Angeles Chargers,26,8,New Orleans Saints,LAC,-7,41.5,SoFi Stadium,FALSE,72,0,,indoor,,,,,,,,
10/27/2024,2024,8,FALSE,Miami Dolphins,27,28,Arizona Cardinals,MIA,-4,46.5,Hard Rock Stadium,FALSE,,,,,,,,,,,,
10/27/2024,2024,8,FALSE,New England Patriots,25,22,New York Jets,NYJ,-7,41,Gillette Stadium,FALSE,,,,,,,,,,,,
10/27/2024,2024,8,FALSE,San Francisco 49ers,30,24,Dallas Cowboys,SF,-5.5,47.5,Levi's Stadium,FALSE,,,,,,,,,,,,
10/27/2024,2024,8,FALSE,Seattle Seahawks,10,31,Buffalo Bills,BUF,-3,45,Lumen Field,FALSE,,,,,,,,,,,,
10/27/2024,2024,8,FALSE,Tampa Bay Buccaneers,26,31,Atlanta Falcons,ATL,-1.5,46.5,Raymond James Stadium,FALSE,,,,,,,,,,,,
10/27/2024,2024,8,FALSE,Washington Commanders,18,15,Chicago Bears,WAS,-1.5,46.5,FedEx Field,FALSE,,,,,,,,,,,,
10/28/2024,2024,8,FALSE,Pittsburgh Steelers,26,18,New York Giants,PIT,-6,37.5,Acrisure Stadium,FALSE,,,,,,,,,,,,
10/31/2024,2024,9,FALSE,New York Jets,21,13,Houston Texans,NYJ,-2.5,43,MetLife Stadium,FALSE,,,,,,,,,,,,
11/3/2024,2024,9,FALSE,Arizona Cardinals,29,9,Chicago Bears,ARI,-1.5,44.5,State Farm Stadium,FALSE,72,0,,indoor,,,,,,,,
11/3/2024,2024,9,FALSE,Atlanta Falcons,27,21,Dallas Cowboys,ATL,-3,52,Mercedes-Benz Stadium,FALSE,72,0,,indoor,,,,,,,,
11/3/2024,2024,9,FALSE,Baltimore Ravens,41,10,Denver Broncos,BAL,-9,46.5,M&T Bank Stadium,FALSE,,,,,,,,,,,,
11/3/2024,2024,9,FALSE,Buffalo Bills,30,27,Miami Dolphins,BUF,-6,49,Highmark Stadium,FALSE,,,,,,,,,,,,
11/3/2024,2024,9,FALSE,Carolina Panthers,23,22,New Orleans Saints,NO,-7,43.5,Bank of America Stadium,FALSE,,,,,,,,,,,,
11/3/2024,2024,9,FALSE,Cincinnati Bengals,41,24,Las Vegas Raiders,CIN,-7.5,45,Paycor Stadium,FALSE,,,,,,,,,,,,
11/3/2024,2024,9,FALSE,Cleveland Browns,10,27,Los Angeles Chargers,LAC,-2,42.5,FirstEnergy Stadium,FALSE,,,,,,,,,,,,
11/3/2024,2024,9,FALSE,Green Bay Packers,14,24,Detroit Lions,DET,-2.5,48.5,Lambeau Field,FALSE,,,,,,,,,,,,
11/3/2024,2024,9,FALSE,Minnesota Vikings,21,13,Indianapolis Colts,MIN,-6,47,U.S. Bank Stadium,FALSE,72,0,,indoor,,,,,,,,
11/3/2024,2024,9,FALSE,New York Giants,22,27,Washington Commanders,WAS,-4,44,MetLife Stadium,FALSE,,,,,,,,,,,,
11/3/2024,2024,9,FALSE,Philadelphia Eagles,28,23,Jacksonville Jaguars,PHI,-7.5,46,Lincoln Financial Field,FALSE,,,,,,,,,,,,
11/3/2024,2024,9,FALSE,Seattle Seahawks,20,26,Los Angeles Rams,LAR,-1.5,48.5,Lumen Field,FALSE,,,,,,,,,,,,
11/3/2024,2024,9,FALSE,Tennessee Titans,20,17,New England Patriots,TEN,-3.5,38,Nissan Stadium,FALSE,,,,,,,,,,,,
11/4/2024,2024,9,FALSE,Kansas City Chiefs,30,24,Tampa Bay Buccaneers,KC,-9,45.5,GEHA Field at Arrowhead Stadium,FALSE,,,,,,,,,,,,
11/7/2024,2024,10,FALSE,Baltimore Ravens,35,34,Cincinnati Bengals,BAL,-6,52.5,M&T Bank Stadium,FALSE,,,,,,,,,,,,
11/10/2024,2024,10,FALSE,Arizona Cardinals,31,6,New York Jets,NYJ,-2,46,State Farm Stadium,FALSE,72,0,,indoor,,,,,,,,
11/10/2024,2024,10,FALSE,Carolina Panthers,20,17,New York Giants,NYG,-6.5,40.5,Allianz Arena,TRUE,,,,,,,,,,,,
11/10/2024,2024,10,FALSE,Chicago Bears,3,19,New England Patriots,CHI,-6,37.5,Soldier Field,FALSE,,,,,,,,,,,,
11/10/2024,2024,10,FALSE,Dallas Cowboys,6,34,Philadelphia Eagles,PHI,-7,44.5,AT&T Stadium,FALSE,72,0,,indoor,,,,,,,,
11/10/2024,2024,10,FALSE,Houston Texans,23,26,Detroit Lions,DET,-4,49,NRG Stadium,FALSE,72,0,,indoor,,,,,,,,
11/10/2024,2024,10,FALSE,Indianapolis Colts,20,30,Buffalo Bills,BUF,-4.5,47,Lucas Oil Stadium,FALSE,72,0,,indoor,,,,,,,,
11/10/2024,2024,10,FALSE,Jacksonville Jaguars,7,12,Minnesota Vikings,MIN,-7,42.5,TIAA Bank Field,FALSE,,,,,,,,,,,,
11/10/2024,2024,10,FALSE,Kansas City Chiefs,16,14,Denver Broncos,KC,-7,42.5,GEHA Field at Arrowhead Stadium,FALSE,,,,,,,,,,,,
11/10/2024,2024,10,FALSE,Los Angeles Chargers,27,17,Tennessee Titans,LAC,-8,40,SoFi Stadium,FALSE,72,0,,indoor,,,,,,,,
11/10/2024,2024,10,FALSE,New Orleans Saints,20,17,Atlanta Falcons,ATL,-3.5,47.5,Caesars Superdome,FALSE,72,0,,indoor,,,,,,,,
11/10/2024,2024,10,FALSE,Tampa Bay Buccaneers,20,23,San Francisco 49ers,SF,-6.5,50,Raymond James Stadium,FALSE,,,,,,,,,,,,
11/10/2024,2024,10,FALSE,Washington Commanders,27,28,Pittsburgh Steelers,WAS,-2,45,FedEx Field,FALSE,,,,,,,,,,,,
11/11/2024,2024,10,FALSE,Los Angeles Rams,15,23,Miami Dolphins,LAR,-2,49.5,SoFi Stadium,FALSE,72,0,,indoor,,,,,,,,
11/14/2024,2024,11,FALSE,Philadelphia Eagles,26,18,Washington Commanders,PHI,-4,49.5,Lincoln Financial Field,FALSE,,,,,,,,,,,,
11/17/2024,2024,11,FALSE,Buffalo Bills,30,21,Kansas City Chiefs,BUF,-2.5,47,Highmark Stadium,FALSE,,,,,,,,,,,,
11/17/2024,2024,11,FALSE,Chicago Bears,19,20,Green Bay Packers,GB,-6,41,Soldier Field,FALSE,,,,,,,,,,,,
11/17/2024,2024,11,FALSE,Denver Broncos,38,6,Atlanta Falcons,DEN,-2,44.5,Empower Field at Mile High,FALSE,,,,,,,,,,,,
11/17/2024,2024,11,FALSE,Detroit Lions,52,6,Jacksonville Jaguars,DET,-13.5,47.5,Ford Field,FALSE,72,0,,indoor,,,,,,,,
11/17/2024,2024,11,FALSE,Los Angeles Chargers,34,27,Cincinnati Bengals,LAC,-1,48,SoFi Stadium,FALSE,72,0,,indoor,,,,,,,,
11/17/2024,2024,11,FALSE,Miami Dolphins,34,19,Las Vegas Raiders,MIA,-7.5,43.5,Hard Rock Stadium,FALSE,,,,,,,,,,,,
11/17/2024,2024,11,FALSE,New England Patriots,22,28,Los Angeles Rams,LAR,-4,43,Gillette Stadium,FALSE,,,,,,,,,,,,
11/17/2024,2024,11,FALSE,New Orleans Saints,35,14,Cleveland Browns,CLE,-1,44,Caesars Superdome,FALSE,72,0,,indoor,,,,,,,,
11/17/2024,2024,11,FALSE,New York Jets,27,28,Indianapolis Colts,NYJ,-4,43,MetLife Stadium,FALSE,,,,,,,,,,,,
11/17/2024,2024,11,FALSE,Pittsburgh Steelers,18,16,Baltimore Ravens,BAL,-3,48,Acrisure Stadium,FALSE,,,,,,,,,,,,
11/17/2024,2024,11,FALSE,San Francisco 49ers,17,20,Seattle Seahawks,SF,-6,49,Levi's Stadium,FALSE,,,,,,,,,,,,
11/17/2024,2024,11,FALSE,Tennessee Titans,13,23,Minnesota Vikings,MIN,-6,40,Nissan Stadium,FALSE,,,,,,,,,,,,
11/18/2024,2024,11,FALSE,Dallas Cowboys,10,34,Houston Texans,HOU,-7,41.5,AT&T Stadium,FALSE,72,0,,indoor,,,,,,,,
11/21/2024,2024,12,FALSE,Cleveland Browns,,,Pittsburgh Steelers,,,,FirstEnergy Stadium,FALSE,,,,,,,,,,,,
11/24/2024,2024,12,FALSE,Carolina Panthers,,,Kansas City Chiefs,,,,Bank of America Stadium,FALSE,,,,,,,,,,,,
11/24/2024,2024,12,FALSE,Chicago Bears,,,Minnesota Vikings,,,,Soldier Field,FALSE,,,,,,,,,,,,
11/24/2024,2024,12,FALSE,Green Bay Packers,,,San Francisco 49ers,,,,Lambeau Field,FALSE,,,,,,,,,,,,
11/24/2024,2024,12,FALSE,Houston Texans,,,Tennessee Titans,,,,NRG Stadium,FALSE,72,0,,indoor,,,,,,,,
11/24/2024,2024,12,FALSE,Indianapolis Colts,,,Detroit Lions,,,,Lucas Oil Stadium,FALSE,72,0,,indoor,,,,,,,,
11/24/2024,2024,12,FALSE,Las Vegas Raiders,,,Denver Broncos,,,,Allegiant Stadium,FALSE,72,0,,indoor,,,,,,,,
11/24/2024,2024,12,FALSE,Los Angeles Rams,,,Philadelphia Eagles,,,,SoFi Stadium,FALSE,72,0,,indoor,,,,,,,,
11/24/2024,2024,12,FALSE,Miami Dolphins,,,New England Patriots,,,,Hard Rock Stadium,FALSE,,,,,,,,,,,,
11/24/2024,2024,12,FALSE,New York Giants,,,Tampa Bay Buccaneers,,,,MetLife Stadium,FALSE,,,,,,,,,,,,
11/24/2024,2024,12,FALSE,Seattle Seahawks,,,Arizona Cardinals,,,,Lumen Field,FALSE,,,,,,,,,,,,
11/24/2024,2024,12,FALSE,Washington Commanders,,,Dallas Cowboys,,,,FedEx Field,FALSE,,,,,,,,,,,,
11/25/2024,2024,12,FALSE,Los Angeles Chargers,,,Baltimore Ravens,,,,SoFi Stadium,FALSE,72,0,,indoor,,,,,,,,
11/28/2024,2024,13,FALSE,Dallas Cowboys,,,New York Giants,,,,AT&T Stadium,FALSE,72,0,,indoor,,,,,,,,
11/28/2024,2024,13,FALSE,Detroit Lions,,,Chicago Bears,,,,Ford Field,FALSE,72,0,,indoor,,,,,,,,
11/28/2024,2024,13,FALSE,Green Bay Packers,,,Miami Dolphins,,,,Lambeau Field,FALSE,,,,,,,,,,,,
11/29/2024,2024,13,FALSE,Kansas City Chiefs,,,Las Vegas Raiders,,,,GEHA Field at Arrowhead Stadium,FALSE,,,,,,,,,,,,
12/1/2024,2024,13,FALSE,Atlanta Falcons,,,Los Angeles Chargers,,,,Mercedes-Benz Stadium,FALSE,72,0,,indoor,,,,,,,,
12/1/2024,2024,13,FALSE,Baltimore Ravens,,,Philadelphia Eagles,,,,M&T Bank Stadium,FALSE,,,,,,,,,,,,
12/1/2024,2024,13,FALSE,Buffalo Bills,,,San Francisco 49ers,,,,Highmark Stadium,FALSE,,,,,,,,,,,,
12/1/2024,2024,13,FALSE,Carolina Panthers,,,Tampa Bay Buccaneers,,,,Bank of America Stadium,FALSE,,,,,,,,,,,,
12/1/2024,2024,13,FALSE,Cincinnati Bengals,,,Pittsburgh Steelers,,,,Paycor Stadium,FALSE,,,,,,,,,,,,
12/1/2024,2024,13,FALSE,Jacksonville Jaguars,,,Houston Texans,,,,TIAA Bank Field,FALSE,,,,,,,,,,,,
12/1/2024,2024,13,FALSE,Minnesota Vikings,,,Arizona Cardinals,,,,U.S. Bank Stadium,FALSE,72,0,,indoor,,,,,,,,
12/1/2024,2024,13,FALSE,New England Patriots,,,Indianapolis Colts,,,,Gillette Stadium,FALSE,,,,,,,,,,,,
12/1/2024,2024,13,FALSE,New Orleans Saints,,,Los Angeles Rams,,,,Caesars Superdome,FALSE,72,0,,indoor,,,,,,,,
12/1/2024,2024,13,FALSE,New York Jets,,,Seattle Seahawks,,,,MetLife Stadium,FALSE,,,,,,,,,,,,
12/1/2024,2024,13,FALSE,Washington Commanders,,,Tennessee Titans,,,,FedEx Field,FALSE,,,,,,,,,,,,
12/2/2024,2024,13,FALSE,Denver Broncos,,,Cleveland Browns,,,,Empower Field at Mile High,FALSE,,,,,,,,,,,,
12/5/2024,2024,14,FALSE,Detroit Lions,,,Green Bay Packers,,,,Ford Field,FALSE,72,0,,indoor,,,,,,,,
12/8/2024,2024,14,FALSE,Arizona Cardinals,,,Seattle Seahawks,,,,State Farm Stadium,FALSE,72,0,,indoor,,,,,,,,
12/8/2024,2024,14,FALSE,Kansas City Chiefs,,,Los Angeles Chargers,,,,GEHA Field at Arrowhead Stadium,FALSE,,,,,,,,,,,,
12/8/2024,2024,14,FALSE,Los Angeles Rams,,,Buffalo Bills,,,,SoFi Stadium,FALSE,72,0,,indoor,,,,,,,,
12/8/2024,2024,14,FALSE,Miami Dolphins,,,New York Jets,,,,Hard Rock Stadium,FALSE,,,,,,,,,,,,
12/8/2024,2024,14,FALSE,Minnesota Vikings,,,Atlanta Falcons,,,,U.S. Bank Stadium,FALSE,72,0,,indoor,,,,,,,,
12/8/2024,2024,14,FALSE,New York Giants,,,New Orleans Saints,,,,MetLife Stadium,FALSE,,,,,,,,,,,,
12/8/2024,2024,14,FALSE,Philadelphia Eagles,,,Carolina Panthers,,,,Lincoln Financial Field,FALSE,,,,,,,,,,,,
12/8/2024,2024,14,FALSE,Pittsburgh Steelers,,,Cleveland Browns,,,,Acrisure Stadium,FALSE,,,,,,,,,,,,
12/8/2024,2024,14,FALSE,San Francisco 49ers,,,Chicago Bears,,,,Levi's Stadium,FALSE,,,,,,,,,,,,
12/8/2024,2024,14,FALSE,Tampa Bay Buccaneers,,,Las Vegas Raiders,,,,Raymond James Stadium,FALSE,,,,,,,,,,,,
12/8/2024,2024,14,FALSE,Tennessee Titans,,,Jacksonville Jaguars,,,,Nissan Stadium,FALSE,,,,,,,,,,,,
12/9/2024,2024,14,FALSE,Dallas Cowboys,,,Cincinnati Bengals,,,,AT&T Stadium,FALSE,72,0,,indoor,,,,,,,,
12/12/2024,2024,15,FALSE,San Francisco 49ers,,,Los Angeles Rams,,,,Levi's Stadium,FALSE,,,,,,,,,,,,
12/15/2024,2024,15,FALSE,Arizona Cardinals,,,New England Patriots,,,,State Farm Stadium,FALSE,72,0,,indoor,,,,,,,,
12/15/2024,2024,15,FALSE,Carolina Panthers,,,Dallas Cowboys,,,,Bank of America Stadium,FALSE,,,,,,,,,,,,
12/15/2024,2024,15,FALSE,Cleveland Browns,,,Kansas City Chiefs,,,,FirstEnergy Stadium,FALSE,,,,,,,,,,,,
12/15/2024,2024,15,FALSE,Denver Broncos,,,Indianapolis Colts,,,,Empower Field at Mile High,FALSE,,,,,,,,,,,,
12/15/2024,2024,15,FALSE,Detroit Lions,,,Buffalo Bills,,,,Ford Field,FALSE,72,0,,indoor,,,,,,,,
12/15/2024,2024,15,FALSE,Houston Texans,,,Miami Dolphins,,,,NRG Stadium,FALSE,72,0,,indoor,,,,,,,,
12/15/2024,2024,15,FALSE,Jacksonville Jaguars,,,New York Jets,,,,TIAA Bank Field,FALSE,,,,,,,,,,,,
12/15/2024,2024,15,FALSE,Los Angeles Chargers,,,Tampa Bay Buccaneers,,,,SoFi Stadium,FALSE,72,0,,indoor,,,,,,,,
12/15/2024,2024,15,FALSE,New Orleans Saints,,,Washington Commanders,,,,Caesars Superdome,FALSE,72,0,,indoor,,,,,,,,
12/15/2024,2024,15,FALSE,New York Giants,,,Baltimore Ravens,,,,MetLife Stadium,FALSE,,,,,,,,,,,,
12/15/2024,2024,15,FALSE,Philadelphia Eagles,,,Pittsburgh Steelers,,,,Lincoln Financial Field,FALSE,,,,,,,,,,,,
12/15/2024,2024,15,FALSE,Seattle Seahawks,,,Green Bay Packers,,,,Lumen Field,FALSE,,,,,,,,,,,,
12/15/2024,2024,15,FALSE,Tennessee Titans,,,Cincinnati Bengals,,,,Nissan Stadium,FALSE,,,,,,,,,,,,
12/16/2024,2024,15,FALSE,Las Vegas Raiders,,,Atlanta Falcons,,,,Allegiant Stadium,FALSE,72,0,,indoor,,,,,,,,
12/16/2024,2024,15,FALSE,Minnesota Vikings,,,Chicago Bears,,,,U.S. Bank Stadium,FALSE,72,0,,indoor,,,,,,,,
12/19/2024,2024,16,FALSE,Cincinnati Bengals,,,Cleveland Browns,,,,Paycor Stadium,FALSE,,,,,,,,,,,,
12/21/2024,2024,16,FALSE,Baltimore Ravens,,,Pittsburgh Steelers,,,,M&T Bank Stadium,FALSE,,,,,,,,,,,,
12/21/2024,2024,16,FALSE,Kansas City Chiefs,,,Houston Texans,,,,GEHA Field at Arrowhead Stadium,FALSE,,,,,,,,,,,,
12/22/2024,2024,16,FALSE,Atlanta Falcons,,,New York Giants,,,,Mercedes-Benz Stadium,FALSE,72,0,,indoor,,,,,,,,
12/22/2024,2024,16,FALSE,Buffalo Bills,,,New England Patriots,,,,Highmark Stadium,FALSE,,,,,,,,,,,,
12/22/2024,2024,16,FALSE,Carolina Panthers,,,Arizona Cardinals,,,,Bank of America Stadium,FALSE,,,,,,,,,,,,
12/22/2024,2024,16,FALSE,Chicago Bears,,,Detroit Lions,,,,Soldier Field,FALSE,,,,,,,,,,,,
12/22/2024,2024,16,FALSE,Dallas Cowboys,,,Tampa Bay Buccaneers,,,,AT&T Stadium,FALSE,72,0,,indoor,,,,,,,,
12/22/2024,2024,16,FALSE,Indianapolis Colts,,,Tennessee Titans,,,,Lucas Oil Stadium,FALSE,72,0,,indoor,,,,,,,,
12/22/2024,2024,16,FALSE,Las Vegas Raiders,,,Jacksonville Jaguars,,,,Allegiant Stadium,FALSE,72,0,,indoor,,,,,,,,
12/22/2024,2024,16,FALSE,Los Angeles Chargers,,,Denver Broncos,,,,SoFi Stadium,FALSE,72,0,,indoor,,,,,,,,
12/22/2024,2024,16,FALSE,Miami Dolphins,,,San Francisco 49ers,,,,Hard Rock Stadium,FALSE,,,,,,,,,,,,
12/22/2024,2024,16,FALSE,New York Jets,,,Los Angeles Rams,,,,MetLife Stadium,FALSE,,,,,,,,,,,,
12/22/2024,2024,16,FALSE,Seattle Seahawks,,,Minnesota Vikings,,,,Lumen Field,FALSE,,,,,,,,,,,,
12/22/2024,2024,16,FALSE,Washington Commanders,,,Philadelphia Eagles,,,,FedEx Field,FALSE,,,,,,,,,,,,
12/23/2024,2024,16,FALSE,Green Bay Packers,,,New Orleans Saints,,,,Lambeau Field,FALSE,,,,,,,,,,,,
12/25/2024,2024,17,FALSE,Houston Texans,,,Baltimore Ravens,,,,NRG Stadium,FALSE,72,0,,indoor,,,,,,,,
12/25/2024,2024,17,FALSE,Pittsburgh Steelers,,,Kansas City Chiefs,,,,Acrisure Stadium,FALSE,,,,,,,,,,,,
12/26/2024,2024,17,FALSE,Chicago Bears,,,Seattle Seahawks,,,,Soldier Field,FALSE,,,,,,,,,,,,
12/29/2024,2024,17,FALSE,Buffalo Bills,,,New York Jets,,,,Highmark Stadium,FALSE,,,,,,,,,,,,
12/29/2024,2024,17,FALSE,Cincinnati Bengals,,,Denver Broncos,,,,Paycor Stadium,FALSE,,,,,,,,,,,,
12/29/2024,2024,17,FALSE,Cleveland Browns,,,Miami Dolphins,,,,FirstEnergy Stadium,FALSE,,,,,,,,,,,,
12/29/2024,2024,17,FALSE,Jacksonville Jaguars,,,Tennessee Titans,,,,TIAA Bank Field,FALSE,,,,,,,,,,,,
12/29/2024,2024,17,FALSE,Los Angeles Rams,,,Arizona Cardinals,,,,SoFi Stadium,FALSE,72,0,,indoor,,,,,,,,
12/29/2024,2024,17,FALSE,Minnesota Vikings,,,Green Bay Packers,,,,U.S. Bank Stadium,FALSE,72,0,,indoor,,,,,,,,
12/29/2024,2024,17,FALSE,New England Patriots,,,Los Angeles Chargers,,,,Gillette Stadium,FALSE,,,,,,,,,,,,
12/29/2024,2024,17,FALSE,New Orleans Saints,,,Las Vegas Raiders,,,,Caesars Superdome,FALSE,72,0,,indoor,,,,,,,,
12/29/2024,2024,17,FALSE,New York Giants,,,Indianapolis Colts,,,,MetLife Stadium,FALSE,,,,,,,,,,,,
12/29/2024,2024,17,FALSE,Philadelphia Eagles,,,Dallas Cowboys,,,,Lincoln Financial Field,FALSE,,,,,,,,,,,,
12/29/2024,2024,17,FALSE,Tampa Bay Buccaneers,,,Carolina Panthers,,,,Raymond James Stadium,FALSE,,,,,,,,,,,,
12/29/2024,2024,17,FALSE,Washington Commanders,,,Atlanta Falcons,,,,FedEx Field,FALSE,,,,,,,,,,,,
12/30/2024,2024,17,FALSE,San Francisco 49ers,,,Detroit Lions,,,,Levi's Stadium,FALSE,,,,,,,,,,,,
1/5/2025,2024,18,FALSE,Arizona Cardinals,,,San Francisco 49ers,,,,State Farm Stadium,FALSE,72,0,,indoor,,,,,,,,
1/5/2025,2024,18,FALSE,Atlanta Falcons,,,Carolina Panthers,,,,Mercedes-Benz Stadium,FALSE,72,0,,indoor,,,,,,,,
1/5/2025,2024,18,FALSE,Baltimore Ravens,,,Cleveland Browns,,,,M&T Bank Stadium,FALSE,,,,,,,,,,,,
1/5/2025,2024,18,FALSE,Dallas Cowboys,,,Washington Commanders,,,,AT&T Stadium,FALSE,72,0,,indoor,,,,,,,,
1/5/2025,2024,18,FALSE,Denver Broncos,,,Kansas City Chiefs,,,,Empower Field at Mile High,FALSE,,,,,,,,,,,,
1/5/2025,2024,18,FALSE,Detroit Lions,,,Minnesota Vikings,,,,Ford Field,FALSE,72,0,,indoor,,,,,,,,
1/5/2025,2024,18,FALSE,Green Bay Packers,,,Chicago Bears,,,,Lambeau Field,FALSE,,,,,,,,,,,,
1/5/2025,2024,18,FALSE,Indianapolis Colts,,,Jacksonville Jaguars,,,,Lucas Oil Stadium,FALSE,72,0,,indoor,,,,,,,,
1/5/2025,2024,18,FALSE,Las Vegas Raiders,,,Los Angeles Chargers,,,,Allegiant Stadium,FALSE,72,0,,indoor,,,,,,,,
1/5/2025,2024,18,FALSE,Los Angeles Rams,,,Seattle Seahawks,,,,SoFi Stadium,FALSE,72,0,,indoor,,,,,,,,
1/5/2025,2024,18,FALSE,New England Patriots,,,Buffalo Bills,,,,Gillette Stadium,FALSE,,,,,,,,,,,,
1/5/2025,2024,18,FALSE,New York Jets,,,Miami Dolphins,,,,MetLife Stadium,FALSE,,,,,,,,,,,,
1/5/2025,2024,18,FALSE,Philadelphia Eagles,,,New York Giants,,,,Lincoln Financial Field,FALSE,,,,,,,,,,,,
1/5/2025,2024,18,FALSE,Pittsburgh Steelers,,,Cincinnati Bengals,,,,Acrisure Stadium,FALSE,,,,,,,,,,,,
1/5/2025,2024,18,FALSE,Tampa Bay Buccaneers,,,New Orleans Saints,,,,Raymond James Stadium,FALSE,,,,,,,,,,,,
1/5/2025,2024,18,FALSE,Tennessee Titans,,,Houston Texans,,,,Nissan Stadium,FALSE,,,,,,,,,,,,
